,date,총생활인구수
0,2018-01-01,367438.1942
1,2018-01-02,367438.1942
2,2018-01-03,367438.1942
3,2018-01-04,367438.1942
4,2018-01-05,367438.1942
5,2018-01-06,367438.1942
6,2018-01-07,367438.1942
7,2018-01-08,367438.1942
8,2018-01-09,367438.1942
9,2018-01-10,367438.1942
10,2018-01-11,367438.1942
11,2018-01-12,367438.1942
12,2018-01-13,367438.1942
13,2018-01-14,367438.1942
14,2018-01-15,367438.1942
15,2018-01-16,367438.1942
16,2018-01-17,367438.1942
17,2018-01-18,367438.1942
18,2018-01-19,367438.1942
19,2018-01-20,367438.1942
20,2018-01-21,367438.1942
21,2018-01-22,367438.1942
22,2018-01-23,367438.1942
23,2018-01-24,367438.1942
24,2018-01-25,367438.1942
25,2018-01-26,367438.1942
26,2018-01-27,367438.1942
27,2018-01-28,367438.1942
28,2018-01-29,367438.1942
29,2018-01-30,367438.1942
30,2018-01-31,367438.1942
31,2018-02-01,367438.1942
32,2018-02-02,367438.1942
33,2018-02-03,367438.1942
34,2018-02-04,367438.1942
35,2018-02-05,367438.1942
36,2018-02-06,367438.1942
37,2018-02-07,367438.1942
38,2018-02-08,367438.1942
39,2018-02-09,367438.1942
40,2018-02-10,367438.1942
41,2018-02-11,367438.1942
42,2018-02-12,367438.1942
43,2018-02-13,367438.1942
44,2018-02-14,367438.1942
45,2018-02-15,367438.1942
46,2018-02-16,367438.1942
47,2018-02-17,367438.1942
48,2018-02-18,367438.1942
49,2018-02-19,367438.1942
50,2018-02-20,367438.1942
51,2018-02-21,367438.1942
52,2018-02-22,367438.1942
53,2018-02-23,367438.1942
54,2018-02-24,367438.1942
55,2018-02-25,367438.1942
56,2018-02-26,367438.1942
57,2018-02-27,367438.1942
58,2018-02-28,367438.1942
59,2018-03-01,367438.1942
60,2018-03-02,367438.1942
61,2018-03-03,367438.1942
62,2018-03-04,367438.1942
63,2018-03-05,367438.1942
64,2018-03-06,367438.1942
65,2018-03-07,367438.1942
66,2018-03-08,367438.1942
67,2018-03-09,367438.1942
68,2018-03-10,367438.1942
69,2018-03-11,367438.1942
70,2018-03-12,367438.1942
71,2018-03-13,367438.1942
72,2018-03-14,367438.1942
73,2018-03-15,367438.1942
74,2018-03-16,367438.1942
75,2018-03-17,367438.1942
76,2018-03-18,367438.1942
77,2018-03-19,367438.1942
78,2018-03-20,367438.1942
79,2018-03-21,367438.1942
80,2018-03-22,367438.1942
81,2018-03-23,367438.1942
82,2018-03-24,367438.1942
83,2018-03-25,367438.1942
84,2018-03-26,367438.1942
85,2018-03-27,367438.1942
86,2018-03-28,367438.1942
87,2018-03-29,367438.1942
88,2018-03-30,367438.1942
89,2018-03-31,367438.1942
90,2018-04-01,367438.1942
91,2018-04-02,367438.1942
92,2018-04-03,367438.1942
93,2018-04-04,367438.1942
94,2018-04-05,367438.1942
95,2018-04-06,365799.4364
96,2018-04-07,377883.3174
97,2018-04-08,387518.3162
98,2018-04-09,366865.0584
99,2018-04-10,362869.6329
100,2018-04-11,360012.7258
101,2018-04-12,358404.6454
102,2018-04-13,361344.8437
103,2018-04-14,382447.6375
104,2018-04-15,388442.1754
105,2018-04-16,365963.3352
106,2018-04-17,360357.8887
107,2018-04-18,360556.8106
108,2018-04-19,362514.5787
109,2018-04-20,362941.6063
110,2018-04-21,376002.7964
111,2018-04-22,389072.0461
112,2018-04-23,371673.2598
113,2018-04-24,365181.0311
114,2018-04-25,361178.0284
115,2018-04-26,361144.2141
116,2018-04-27,363112.7134
117,2018-04-28,374862.0582
118,2018-04-29,386028.355
119,2018-04-30,366229.6427
120,2018-05-01,375236.0953
121,2018-05-02,365770.0391
122,2018-05-03,363323.596
123,2018-05-04,363666.1048
124,2018-05-05,370647.6214
125,2018-05-06,378001.854
126,2018-05-07,380337.8858
127,2018-05-08,365834.0635
128,2018-05-09,361855.8945
129,2018-05-10,361120.3111
130,2018-05-11,361637.6144
131,2018-05-12,381569.6346
132,2018-05-13,387142.6104
133,2018-05-14,365102.5049
134,2018-05-15,360230.8391
135,2018-05-16,365691.0413
136,2018-05-17,366801.5569
137,2018-05-18,364725.8776
138,2018-05-19,381101.663
139,2018-05-20,390474.4684
140,2018-05-21,365684.3875
141,2018-05-22,382626.8291
142,2018-05-23,362368.4071
143,2018-05-24,360866.2069
144,2018-05-25,361699.6197
145,2018-05-26,376009.1355
146,2018-05-27,384488.2379
147,2018-05-28,337070.3295
148,2018-05-29,361318.2809
149,2018-05-30,360323.1857
150,2018-05-31,359189.0426
151,2018-06-01,362215.65
152,2018-06-02,376178.4408
153,2018-06-03,386442.8918
154,2018-06-04,365238.4384
155,2018-06-05,359828.6586
156,2018-06-06,379635.4038
157,2018-06-07,361574.9862
158,2018-06-08,361721.433
159,2018-06-09,376712.1014
160,2018-06-10,385722.1753
161,2018-06-11,366707.2432
162,2018-06-12,362038.7904
163,2018-06-13,383617.155
164,2018-06-14,364735.3271
165,2018-06-15,362680.5494
166,2018-06-16,375933.8706
167,2018-06-17,384816.1098
168,2018-06-18,365596.0393
169,2018-06-19,361952.7575
170,2018-06-20,361111.0481
171,2018-06-21,361131.4831
172,2018-06-22,362791.1761
173,2018-06-23,377440.2383
174,2018-06-24,386200.3306
175,2018-06-25,368114.2051
176,2018-06-26,369877.8523
177,2018-06-27,366850.7283
178,2018-06-28,365696.4409
179,2018-06-29,365115.9507
180,2018-06-30,383249.5765
181,2018-07-01,399766.7317
182,2018-07-02,373980.9467
183,2018-07-03,368644.7459
184,2018-07-04,367376.4502
185,2018-07-05,366221.6327
186,2018-07-06,364724.9328
187,2018-07-07,378222.6669
188,2018-07-08,386058.5632
189,2018-07-09,370706.0609
190,2018-07-10,366711.2824
191,2018-07-11,367443.7909
192,2018-07-12,363977.8178
193,2018-07-13,363234.3499
194,2018-07-14,375496.9962
195,2018-07-15,386293.1834
196,2018-07-16,368506.1921
197,2018-07-17,364884.3186
198,2018-07-18,364675.8281
199,2018-07-19,364630.5511
200,2018-07-20,365107.8519
201,2018-07-21,376820.4458
202,2018-07-22,383714.5071
203,2018-07-23,368264.3195
204,2018-07-24,364656.5203
205,2018-07-25,364559.56
206,2018-07-26,364173.0161
207,2018-07-27,361736.5851
208,2018-07-28,376203.0834
209,2018-07-29,384167.0327
210,2018-07-30,364304.8199
211,2018-07-31,362515.1024
212,2018-08-01,362335.3297
213,2018-08-02,359341.1973
214,2018-08-03,355502.8072
215,2018-08-04,367143.1697
216,2018-08-05,380046.0251
217,2018-08-06,363403.6833
218,2018-08-07,361855.6004
219,2018-08-08,364770.5035
220,2018-08-09,363681.331
221,2018-08-10,361516.2391
222,2018-08-11,372964.1518
223,2018-08-12,380498.5848
224,2018-08-13,364338.9418
225,2018-08-14,361259.1123
226,2018-08-15,380620.2567
227,2018-08-16,363720.2774
228,2018-08-17,362228.2047
229,2018-08-18,374359.9585
230,2018-08-19,385257.5128
231,2018-08-20,367215.3322
232,2018-08-21,365007.49
233,2018-08-22,365961.1825
234,2018-08-23,370654.4348
235,2018-08-24,373474.9356
236,2018-08-25,378811.3038
237,2018-08-26,388401.6972
238,2018-08-27,370742.6936
239,2018-08-28,367683.3103
240,2018-08-29,369309.447
241,2018-08-30,368104.0026
242,2018-08-31,365832.9865
243,2018-09-01,379141.9354
244,2018-09-02,388445.8594
245,2018-09-03,368824.587
246,2018-09-04,364491.7826
247,2018-09-05,363213.7371
248,2018-09-06,363296.5824
249,2018-09-07,362889.4199
250,2018-09-08,371639.6825
251,2018-09-09,383059.6887
252,2018-09-10,367421.1437
253,2018-09-11,363687.0471
254,2018-09-12,362350.3136
255,2018-09-13,362258.6253
256,2018-09-14,363693.8435
257,2018-09-15,378524.5818
258,2018-09-16,390328.4818
259,2018-09-17,367625.5001
260,2018-09-18,365767.1257
261,2018-09-19,364052.6254
262,2018-09-20,373070.2193
263,2018-09-21,370869.4079
264,2018-09-22,383205.3944
265,2018-09-23,377917.3119
266,2018-09-24,372586.0124
267,2018-09-25,369247.5592
268,2018-09-26,388675.4935
269,2018-09-27,370342.5967
270,2018-09-28,367084.2713
271,2018-09-29,382068.6606
272,2018-09-30,392498.1158
273,2018-10-01,368528.26
274,2018-10-02,363618.5078
275,2018-10-03,382886.6089
276,2018-10-04,364875.8832
277,2018-10-05,368682.0426
278,2018-10-06,387532.0477
279,2018-10-07,387165.4522
280,2018-10-08,364963.8734
281,2018-10-09,379300.8685
282,2018-10-10,363770.5016
283,2018-10-11,362226.359
284,2018-10-12,361835.0261
285,2018-10-13,387046.4165
286,2018-10-14,384963.802
287,2018-10-15,365646.646
288,2018-10-16,361014.5609
289,2018-10-17,362025.4182
290,2018-10-18,362239.3181
291,2018-10-19,362445.0842
292,2018-10-20,375125.3508
293,2018-10-21,384911.5991
294,2018-10-22,365877.3855
295,2018-10-23,363342.4335
296,2018-10-24,362562.0224
297,2018-10-25,360668.4158
298,2018-10-26,365524.0651
299,2018-10-27,377545.891
300,2018-10-28,387886.1774
301,2018-10-29,367470.985
302,2018-10-30,363763.4307
303,2018-10-31,363259.7772
304,2018-11-01,363567.669
305,2018-11-02,362471.0199
306,2018-11-03,375796.5801
307,2018-11-04,385122.257
308,2018-11-05,365821.0468
309,2018-11-06,361960.3537
310,2018-11-07,362170.5085
311,2018-11-08,365837.4792
312,2018-11-09,363649.1439
313,2018-11-10,376450.5427
314,2018-11-11,384852.1231
315,2018-11-12,365810.4167
316,2018-11-13,363540.169
317,2018-11-14,363304.3954
318,2018-11-15,363862.0504
319,2018-11-16,362645.5326
320,2018-11-17,374782.2901
321,2018-11-18,387500.0099
322,2018-11-19,367490.7158
323,2018-11-20,363655.1883
324,2018-11-21,364782.1021
325,2018-11-22,363443.5421
326,2018-11-23,365112.0576
327,2018-11-24,379593.4652
328,2018-11-25,389976.1753
329,2018-11-26,367678.7113
330,2018-11-27,364654.5873
331,2018-11-28,364124.3991
332,2018-11-29,364736.8652
333,2018-11-30,364490.6945
334,2018-12-01,381091.9671
335,2018-12-02,392162.3167
336,2018-12-03,371322.7815
337,2018-12-04,366441.1148
338,2018-12-05,365117.3726
339,2018-12-06,364629.8522
340,2018-12-07,365802.197
341,2018-12-08,384339.3069
342,2018-12-09,393679.3647
343,2018-12-10,371168.3453
344,2018-12-11,367861.6225
345,2018-12-12,366808.9535
346,2018-12-13,367135.218
347,2018-12-14,367861.717
348,2018-12-15,385618.5403
349,2018-12-16,396904.8562
350,2018-12-17,371664.6016
351,2018-12-18,366874.076
352,2018-12-19,366936.6693
353,2018-12-20,366838.9023
354,2018-12-21,366989.2611
355,2018-12-22,384492.8412
356,2018-12-23,392898.1205
357,2018-12-24,376086.3233
358,2018-12-25,393328.8499
359,2018-12-26,371169.0552
360,2018-12-27,369175.4203
361,2018-12-28,371303.746
362,2018-12-29,388664.6148
363,2018-12-30,396899.7837
364,2018-12-31,379821.5989
365,2019-01-01,396392.2329
366,2019-01-02,374120.9759
367,2019-01-03,370849.2157
368,2019-01-04,370128.009
369,2019-01-05,388139.5476
370,2019-01-06,398500.924
371,2019-01-07,371911.5118
372,2019-01-08,370017.9562
373,2019-01-09,370152.7555
374,2019-01-10,368489.619
375,2019-01-11,367760.512
376,2019-01-12,384211.8414
377,2019-01-13,393324.7826
378,2019-01-14,371177.6282
379,2019-01-15,368973.5882
380,2019-01-16,368680.0254
381,2019-01-17,368017.2792
382,2019-01-18,367970.3854
383,2019-01-19,385377.8571
384,2019-01-20,395462.1662
385,2019-01-21,372479.4117
386,2019-01-22,369559.2394
387,2019-01-23,369898.5793
388,2019-01-24,369759.0129
389,2019-01-25,369824.3182
390,2019-01-26,391339.2628
391,2019-01-27,396273.7954
392,2019-01-28,374108.4524
393,2019-01-29,371048.6427
394,2019-01-30,369845.5741
395,2019-01-31,370590.202
396,2019-02-01,373790.6181
397,2019-02-02,388808.656
398,2019-02-03,386486.7606
399,2019-02-04,382485.7956
400,2019-02-05,387868.5353
401,2019-02-06,394844.2546
402,2019-02-07,376963.3745
403,2019-02-08,373822.4339
404,2019-02-09,390589.6586
405,2019-02-10,397641.9213
406,2019-02-11,375243.1932
407,2019-02-12,372372.8862
408,2019-02-13,370552.1124
409,2019-02-14,370354.284
410,2019-02-15,371182.9114
411,2019-02-16,387537.4008
412,2019-02-17,395508.8101
413,2019-02-18,371456.5993
414,2019-02-19,364708.0046
415,2019-02-20,347775.6807
416,2019-02-21,348346.8658
417,2019-02-22,344436.4298
418,2019-02-23,355732.9801
419,2019-02-24,364015.8928
420,2019-02-25,343849.0936
421,2019-02-26,359284.7493
422,2019-02-27,367567.4861
423,2019-02-28,366111.1518
424,2019-03-01,379314.2238
425,2019-03-02,379954.3729
426,2019-03-03,392259.2153
427,2019-03-04,369002.0279
428,2019-03-05,364670.7522
429,2019-03-06,364594.1319
430,2019-03-07,363630.1425
431,2019-03-08,363240.5032
432,2019-03-09,381274.9001
433,2019-03-10,391256.6539
434,2019-03-11,366764.633
435,2019-03-12,363816.1472
436,2019-03-13,363486.0356
437,2019-03-14,362958.9063
438,2019-03-15,364949.3486
439,2019-03-16,381274.1728
440,2019-03-17,390395.5137
441,2019-03-18,365789.7164
442,2019-03-19,361799.4592
443,2019-03-20,361687.3464
444,2019-03-21,362508.0325
445,2019-03-22,361508.1545
446,2019-03-23,379384.9169
447,2019-03-24,386856.4353
448,2019-03-25,364202.7041
449,2019-03-26,361134.0965
450,2019-03-27,361182.4126
451,2019-03-28,360926.7054
452,2019-03-29,360447.1603
453,2019-03-30,378594.8138
454,2019-03-31,388220.356
455,2019-04-01,362990.8504
456,2019-04-02,360429.304
457,2019-04-03,358084.0942
458,2019-04-04,359256.9139
459,2019-04-05,359156.768
460,2019-04-06,372376.0162
461,2019-04-07,382099.319
462,2019-04-08,361893.4777
463,2019-04-09,359729.9002
464,2019-04-10,358392.6931
465,2019-04-11,354908.7742
466,2019-04-12,355356.6121
467,2019-04-13,368923.6966
468,2019-04-14,384512.3141
469,2019-04-15,362071.414
470,2019-04-16,358014.2194
471,2019-04-17,356382.9008
472,2019-04-18,357334.1872
473,2019-04-19,358203.4842
474,2019-04-20,371700.7925
475,2019-04-21,379669.8412
476,2019-04-22,360480.0485
477,2019-04-23,356552.405
478,2019-04-24,356188.6195
479,2019-04-25,356192.3919
480,2019-04-26,355334.9238
481,2019-04-27,363840.849
482,2019-04-28,371259.3607
483,2019-04-29,352415.38
484,2019-04-30,348699.8252
485,2019-05-01,362351.3521
486,2019-05-02,350510.4087
487,2019-05-03,348662.0169
488,2019-05-04,353651.7515
489,2019-05-05,352498.6483
490,2019-05-06,360461.8815
491,2019-05-07,346958.0149
492,2019-05-08,346228.827
493,2019-05-09,344055.1291
494,2019-05-10,344920.8875
495,2019-05-11,357879.2706
496,2019-05-12,366409.466
497,2019-05-13,349437.6089
498,2019-05-14,345104.0189
499,2019-05-15,344134.9283
500,2019-05-16,345077.466
501,2019-05-17,345337.0933
502,2019-05-18,359452.7758
503,2019-05-19,372100.6608
504,2019-05-20,350240.4029
505,2019-05-21,346139.0541
506,2019-05-22,345092.2792
507,2019-05-23,346013.1642
508,2019-05-24,347650.6932
509,2019-05-25,365725.3673
510,2019-05-26,373819.4412
511,2019-05-27,351385.5478
512,2019-05-28,344627.2481
513,2019-05-29,342001.1585
514,2019-05-30,342599.7949
515,2019-05-31,339987.8162
516,2019-06-01,356660.8917
517,2019-06-02,364892.0877
518,2019-06-03,342991.732
519,2019-06-04,338354.9851
520,2019-06-05,338394.9239
521,2019-06-06,356307.0522
522,2019-06-07,346187.6298
523,2019-06-08,353943.0208
524,2019-06-09,362892.2577
525,2019-06-10,344582.5383
526,2019-06-11,341124.9384
527,2019-06-12,341102.58
528,2019-06-13,339755.555
529,2019-06-14,341103.63
530,2019-06-15,353408.1492
531,2019-06-16,362483.0719
532,2019-06-17,344264.8373
533,2019-06-18,343017.0581
534,2019-06-19,352367.5604
535,2019-06-20,356293.511
536,2019-06-21,356014.3136
537,2019-06-22,359620.2984
538,2019-06-23,367225.9803
539,2019-06-24,350068.4909
540,2019-06-25,347372.4974
541,2019-06-26,348093.4077
542,2019-06-27,349748.8423
543,2019-06-28,343700.8508
544,2019-06-29,356724.8453
545,2019-06-30,364065.2976
546,2019-07-01,345475.6937
547,2019-07-02,342426.3354
548,2019-07-03,338708.4201
549,2019-07-04,333987.662
550,2019-07-05,334199.9953
551,2019-07-06,346868.1778
552,2019-07-07,356699.1534
553,2019-07-08,339926.7394
554,2019-07-09,338249.3279
555,2019-07-10,338662.2586
556,2019-07-11,339514.1533
557,2019-07-12,337850.8464
558,2019-07-13,351098.8492
559,2019-07-14,359144.9716
560,2019-07-15,343519.2629
561,2019-07-16,339788.1682
562,2019-07-17,339529.2275
563,2019-07-18,339747.1711
564,2019-07-19,340339.9006
565,2019-07-20,355842.7088
566,2019-07-21,364984.7372
567,2019-07-22,343166.975
568,2019-07-23,340380.8572
569,2019-07-24,340355.8157
570,2019-07-25,340531.3189
571,2019-07-26,341695.6414
572,2019-07-27,355141.1189
573,2019-07-28,360314.4465
574,2019-07-29,337614.3402
575,2019-07-30,346045.5617
576,2019-07-31,357781.3914
577,2019-08-01,353346.8998
578,2019-08-02,347945.398
579,2019-08-03,355260.2652
580,2019-08-04,366981.3647
581,2019-08-05,354182.5502
582,2019-08-06,355190.2963
583,2019-08-07,361050.622
584,2019-08-08,358714.067
585,2019-08-09,357447.7548
586,2019-08-10,368335.7792
587,2019-08-11,373316.0082
588,2019-08-12,359466.5244
589,2019-08-13,354429.1904
590,2019-08-14,353460.7852
591,2019-08-15,371562.8314
592,2019-08-16,354707.551
593,2019-08-17,366004.6644
594,2019-08-18,375355.4425
595,2019-08-19,358561.0889
596,2019-08-20,357385.9887
597,2019-08-21,357254.249
598,2019-08-22,357688.6756
599,2019-08-23,356689.161
600,2019-08-24,368022.9049
601,2019-08-25,375200.3472
602,2019-08-26,360666.2411
603,2019-08-27,363629.6985
604,2019-08-28,362068.1482
605,2019-08-29,360607.8007
606,2019-08-30,357364.026
607,2019-08-31,369160.6386
608,2019-09-01,379097.4262
609,2019-09-02,359952.3414
610,2019-09-03,359547.3843
611,2019-09-04,362213.7545
612,2019-09-05,361592.7055
613,2019-09-06,361002.7049
614,2019-09-07,388443.1197
615,2019-09-08,383028.4022
616,2019-09-09,359932.0207
617,2019-09-10,359246.6388
618,2019-09-11,363667.8616
619,2019-09-12,374062.6632
620,2019-09-13,365097.7199
621,2019-09-14,363657.4167
622,2019-09-15,381747.0391
623,2019-09-16,359969.4913
624,2019-09-17,356923.5371
625,2019-09-18,354536.0573
626,2019-09-19,353853.2889
627,2019-09-20,355940.9826
628,2019-09-21,371439.0396
629,2019-09-22,385381.1122
630,2019-09-23,359093.7256
631,2019-09-24,354841.6898
632,2019-09-25,353688.4668
633,2019-09-26,350725.9838
634,2019-09-27,350133.6923
635,2019-09-28,361795.6279
636,2019-09-29,372248.0846
637,2019-09-30,353354.362
638,2019-10-01,350988.3515
639,2019-10-02,351804.0469
640,2019-10-03,370722.8845
641,2019-10-04,351444.9393
642,2019-10-05,360427.6671
643,2019-10-06,370374.805
644,2019-10-07,353893.7775
645,2019-10-08,347062.6103
646,2019-10-09,363983.9983
647,2019-10-10,345479.041
648,2019-10-11,345001.3446
649,2019-10-12,359005.5866
650,2019-10-13,366753.226
651,2019-10-14,349222.1112
652,2019-10-15,367438.1942
653,2019-10-16,367438.1942
654,2019-10-17,367438.1942
655,2019-10-18,367438.1942
656,2019-10-19,367438.1942
657,2019-10-20,367438.1942
658,2019-10-21,367438.1942
659,2019-10-22,367438.1942
660,2019-10-23,367438.1942
661,2019-10-24,367438.1942
662,2019-10-25,367438.1942
663,2019-10-26,367438.1942
664,2019-10-27,367438.1942
665,2019-10-28,356866.3959
666,2019-10-29,353777.415
667,2019-10-30,354451.9982
668,2019-10-31,356361.4291
669,2019-11-01,356241.3363
670,2019-11-02,368620.7755
671,2019-11-03,378688.7206
672,2019-11-04,359701.6998
673,2019-11-05,356972.9459
674,2019-11-06,356397.6774
675,2019-11-07,355994.1805
676,2019-11-08,355248.4207
677,2019-11-09,366920.5629
678,2019-11-10,377430.6081
679,2019-11-11,361044.9978
680,2019-11-12,356354.4092
681,2019-11-13,358671.886
682,2019-11-14,358422.4975
683,2019-11-15,356926.8778
684,2019-11-16,368576.6989
685,2019-11-17,382312.1285
686,2019-11-18,361722.2604
687,2019-11-19,357332.8574
688,2019-11-20,357045.2954
689,2019-11-21,356877.1299
690,2019-11-22,356047.9894
691,2019-11-23,371939.3279
692,2019-11-24,382817.1847
693,2019-11-25,361761.0103
694,2019-11-26,359139.8482
695,2019-11-27,358024.2673
696,2019-11-28,357634.8337
697,2019-11-29,357997.287
698,2019-11-30,374333.7383
699,2019-12-01,388101.2932
700,2019-12-02,361940.8977
701,2019-12-03,359855.6891
702,2019-12-04,357298.7422
703,2019-12-05,358494.1326
704,2019-12-06,357531.2509
705,2019-12-07,375121.4036
706,2019-12-08,384015.0072
707,2019-12-09,361037.3649
708,2019-12-10,358078.767
709,2019-12-11,358491.0476
710,2019-12-12,356019.8502
711,2019-12-13,356406.2287
712,2019-12-14,372394.2397
713,2019-12-15,382241.1772
714,2019-12-16,358307.8357
715,2019-12-17,357855.5052
716,2019-12-18,355651.2478
717,2019-12-19,355497.8418
718,2019-12-20,356137.7377
719,2019-12-21,374835.936
720,2019-12-22,385283.2275
721,2019-12-23,362861.4685
722,2019-12-24,361824.7753
723,2019-12-25,383462.4244
724,2019-12-26,362899.2071
725,2019-12-27,361184.3351
726,2019-12-28,378724.8277
727,2019-12-29,387911.9155
728,2019-12-30,365231.8185
729,2019-12-31,367865.9711
730,2020-01-01,388515.6363
731,2020-01-02,365019.0865
732,2020-01-03,361310.6162
733,2020-01-04,378863.7365
734,2020-01-05,387875.3802
735,2020-01-06,364996.5914
736,2020-01-07,365174.5613
737,2020-01-08,364422.5448
738,2020-01-09,362397.2656
739,2020-01-10,362222.2014
740,2020-01-11,378669.2518
741,2020-01-12,387599.5984
742,2020-01-13,364074.4199
743,2020-01-14,362634.5012
744,2020-01-15,362807.7131
745,2020-01-16,363663.2915
746,2020-01-17,362516.4682
747,2020-01-18,379518.2562
748,2020-01-19,390427.283
749,2020-01-20,366474.9836
750,2020-01-21,364065.9369
751,2020-01-22,364180.5306
752,2020-01-23,369388.494
753,2020-01-24,383087.2237
754,2020-01-25,381989.9386
755,2020-01-26,377507.1052
756,2020-01-27,392632.1514
757,2020-01-28,371731.1407
758,2020-01-29,367120.8166
759,2020-01-30,366696.5423
760,2020-01-31,367688.4446
761,2020-02-01,386426.1553
762,2020-02-02,394332.0813
763,2020-02-03,369966.8279
764,2020-02-04,367340.4271
765,2020-02-05,367852.9586
766,2020-02-06,368200.7667
767,2020-02-07,367816.9318
768,2020-02-08,386893.9384
769,2020-02-09,393050.0116
770,2020-02-10,369119.558
771,2020-02-11,366754.3107
772,2020-02-12,368001.2845
773,2020-02-13,366224.861
774,2020-02-14,365011.3895
775,2020-02-15,383726.5507
776,2020-02-16,392695.1355
777,2020-02-17,368847.0458
778,2020-02-18,366103.2234
779,2020-02-19,365450.5919
780,2020-02-20,364733.9397
781,2020-02-21,366608.8244
782,2020-02-22,386200.8308
783,2020-02-23,392420.023
784,2020-02-24,369147.8179
785,2020-02-25,369924.9991
786,2020-02-26,369323.2753
787,2020-02-27,370156.8841
788,2020-02-28,373178.3707
789,2020-02-29,389945.0493
790,2020-03-01,396778.0119
791,2020-03-02,373067.0241
792,2020-03-03,370622.208
793,2020-03-04,370765.0049
794,2020-03-05,370227.5432
795,2020-03-06,369845.5688
796,2020-03-07,386037.1797
797,2020-03-08,390798.7033
798,2020-03-09,369931.9937
799,2020-03-10,371743.5273
800,2020-03-11,369779.1874
801,2020-03-12,368320.5848
802,2020-03-13,368599.9472
803,2020-03-14,383194.5774
804,2020-03-15,390474.0671
805,2020-03-16,369965.0075
806,2020-03-17,368704.5272
807,2020-03-18,367317.459
808,2020-03-19,368687.2459
809,2020-03-20,367329.1043
810,2020-03-21,381745.7848
811,2020-03-22,387338.7024
812,2020-03-23,368364.6729
813,2020-03-24,366409.1382
814,2020-03-25,364540.4659
815,2020-03-26,365830.767
816,2020-03-27,366632.1234
817,2020-03-28,380763.5418
818,2020-03-29,387309.1654
819,2020-03-30,368385.4109
820,2020-03-31,366572.3401
821,2020-04-01,367165.6919
822,2020-04-02,366477.7133
823,2020-04-03,365859.6549
824,2020-04-04,380779.7746
825,2020-04-05,387234.1722
826,2020-04-06,370015.5593
827,2020-04-07,367310.152
828,2020-04-08,366698.5929
829,2020-04-09,366569.3193
830,2020-04-10,366292.9942
831,2020-04-11,380755.3546
832,2020-04-12,387016.8462
833,2020-04-13,367752.8975
834,2020-04-14,364919.4169
835,2020-04-15,384866.7844
836,2020-04-16,366168.5624
837,2020-04-17,367363.5206
838,2020-04-18,377733.4402
839,2020-04-19,387470.3645
840,2020-04-20,367667.2535
841,2020-04-21,364719.8855
842,2020-04-22,364607.7781
843,2020-04-23,363542.6761
844,2020-04-24,362507.8034
845,2020-04-25,375521.0235
846,2020-04-26,382267.6887
847,2020-04-27,364486.121
848,2020-04-28,362133.042
849,2020-04-29,360431.6206
850,2020-04-30,368688.3248
851,2020-05-01,363445.3169
852,2020-05-02,361854.8792
853,2020-05-03,373688.0316
854,2020-05-04,364524.4109
855,2020-05-05,378211.1998
856,2020-05-06,361173.5543
857,2020-05-07,359651.7243
858,2020-05-08,361619.4606
859,2020-05-09,381831.8916
860,2020-05-10,383760.9483
861,2020-05-11,363493.6079
862,2020-05-12,361867.1732
863,2020-05-13,360384.1835
864,2020-05-14,361045.3039
865,2020-05-15,364331.749
866,2020-05-16,377201.6676
867,2020-05-17,382003.3152
868,2020-05-18,365534.5812
869,2020-05-19,364900.7992
870,2020-05-20,360308.5081
871,2020-05-21,358652.6714
872,2020-05-22,359089.1921
873,2020-05-23,371503.8402
874,2020-05-24,382290.3107
875,2020-05-25,362540.8713
876,2020-05-26,360128.0889
877,2020-05-27,358100.7082
878,2020-05-28,358478.9021
879,2020-05-29,358197.3111
880,2020-05-30,369817.3465
881,2020-05-31,380124.1708
882,2020-06-01,361303.6905
883,2020-06-02,361215.6719
884,2020-06-03,358916.7292
885,2020-06-04,358701.8211
886,2020-06-05,357442.8212
887,2020-06-06,368415.4775
888,2020-06-07,377535.4977
889,2020-06-08,360317.0574
890,2020-06-09,357347.7422
891,2020-06-10,357865.5112
892,2020-06-11,358680.9901
893,2020-06-12,357441.6719
894,2020-06-13,370534.6343
895,2020-06-14,377534.5975
896,2020-06-15,359125.8616
897,2020-06-16,357046.2399
898,2020-06-17,355252.5146
899,2020-06-18,355954.1264
900,2020-06-19,354842.6528
901,2020-06-20,364553.1438
902,2020-06-21,375254.8103
903,2020-06-22,357679.0872
904,2020-06-23,354665.4948
905,2020-06-24,356411.4955
906,2020-06-25,356806.3367
907,2020-06-26,352906.2978
908,2020-06-27,365481.3065
909,2020-06-28,372238.571
910,2020-06-29,358663.7796
911,2020-06-30,358182.9661
912,2020-07-01,355850.6293
913,2020-07-02,353654.9521
914,2020-07-03,352953.1355
915,2020-07-04,364869.6041
916,2020-07-05,372255.0305
917,2020-07-06,356250.2023
918,2020-07-07,353624.8888
919,2020-07-08,353579.265
920,2020-07-09,353222.7565
921,2020-07-10,355195.5223
922,2020-07-11,369630.0509
923,2020-07-12,375936.3183
924,2020-07-13,362750.4416
925,2020-07-14,358314.2973
926,2020-07-15,354745.1069
927,2020-07-16,354825.2099
928,2020-07-17,354886.2619
929,2020-07-18,366604.9747
930,2020-07-19,380247.4552
931,2020-07-20,360768.893
932,2020-07-21,355723.7413
933,2020-07-22,358866.98
934,2020-07-23,359711.0713
935,2020-07-24,358867.0253
936,2020-07-25,369898.6302
937,2020-07-26,373748.7963
938,2020-07-27,358467.5296
939,2020-07-28,355706.8798
940,2020-07-29,357875.7997
941,2020-07-30,355236.0723
942,2020-07-31,352653.105
943,2020-08-01,362849.4611
944,2020-08-02,369580.7749
945,2020-08-03,355441.9247
946,2020-08-04,353090.0104
947,2020-08-05,356225.5911
948,2020-08-06,357232.9451
949,2020-08-07,354509.5882
950,2020-08-08,368608.8318
951,2020-08-09,379604.2167
952,2020-08-10,358462.8026
953,2020-08-11,358018.8237
954,2020-08-12,353665.8377
955,2020-08-13,353705.7049
956,2020-08-14,353884.4946
957,2020-08-15,366700.5628
958,2020-08-16,365809.8138
959,2020-08-17,369060.1186
960,2020-08-18,357343.9884
961,2020-08-19,359113.364
962,2020-08-20,359375.6571
963,2020-08-21,360383.9156
964,2020-08-22,375577.9303
965,2020-08-23,379648.978
966,2020-08-24,362934.6303
967,2020-08-25,361888.6836
968,2020-08-26,363983.9427
969,2020-08-27,366964.3897
970,2020-08-28,362487.3423
971,2020-08-29,378374.6782
972,2020-08-30,385260.6873
973,2020-08-31,366420.1542
974,2020-09-01,365108.1966
975,2020-09-02,367755.155
976,2020-09-03,367815.6802
977,2020-09-04,364497.0893
978,2020-09-05,377161.9383
979,2020-09-06,385503.1757
980,2020-09-07,370879.2179
981,2020-09-08,365481.8527
982,2020-09-09,365478.733
983,2020-09-10,362964.3513
984,2020-09-11,362909.1273
985,2020-09-12,379060.1335
986,2020-09-13,380733.3979
987,2020-09-14,364297.4737
988,2020-09-15,361827.2646
989,2020-09-16,363741.8212
990,2020-09-17,361711.3844
991,2020-09-18,359129.4261
992,2020-09-19,370705.3501
993,2020-09-20,378607.6361
994,2020-09-21,362253.4857
995,2020-09-22,359711.2035
996,2020-09-23,359516.9019
997,2020-09-24,358963.0599
998,2020-09-25,359858.0048
999,2020-09-26,374571.295
1000,2020-09-27,380712.7971
1001,2020-09-28,362023.7331
1002,2020-09-29,364840.6513
1003,2020-09-30,379902.3824
1004,2020-10-01,377859.0086
1005,2020-10-02,365761.7749
1006,2020-10-03,370048.8252
1007,2020-10-04,384162.5805
1008,2020-10-05,363328.1702
1009,2020-10-06,359670.9832
1010,2020-10-07,358422.6248
1011,2020-10-08,357001.3682
1012,2020-10-09,368321.2509
1013,2020-10-10,367343.276
1014,2020-10-11,377092.9165
1015,2020-10-12,361794.0926
1016,2020-10-13,358343.2628
1017,2020-10-14,357806.8664
1018,2020-10-15,357987.265
1019,2020-10-16,357181.9869
1020,2020-10-17,370356.275
1021,2020-10-18,377323.5328
1022,2020-10-19,360048.2737
1023,2020-10-20,356193.5522
1024,2020-10-21,355863.6053
1025,2020-10-22,356870.5008
1026,2020-10-23,355079.5642
1027,2020-10-24,367072.0596
1028,2020-10-25,373294.0522
1029,2020-10-26,357837.6721
1030,2020-10-27,355402.5904
1031,2020-10-28,355106.6468
1032,2020-10-29,354586.0067
1033,2020-10-30,353794.4646
1034,2020-10-31,365645.2281
1035,2020-11-01,378534.7629
1036,2020-11-02,357804.2509
1037,2020-11-03,355317.0268
1038,2020-11-04,354476.6485
1039,2020-11-05,353421.6726
1040,2020-11-06,352528.8653
1041,2020-11-07,364361.8053
1042,2020-11-08,371670.8866
1043,2020-11-09,356286.3492
1044,2020-11-10,354293.2136
1045,2020-11-11,354076.2175
1046,2020-11-12,356067.4629
1047,2020-11-13,353535.1846
1048,2020-11-14,364469.4587
1049,2020-11-15,375106.0826
1050,2020-11-16,358529.8642
1051,2020-11-17,356150.5154
1052,2020-11-18,355875.8113
1053,2020-11-19,358705.3913
1054,2020-11-20,357545.6439
1055,2020-11-21,370206.1636
1056,2020-11-22,380295.9191
1057,2020-11-23,359568.4923
1058,2020-11-24,358545.3549
1059,2020-11-25,359139.6262
1060,2020-11-26,358995.3949
1061,2020-11-27,359539.8764
1062,2020-11-28,375200.7442
1063,2020-11-29,383274.6866
1064,2020-11-30,363063.7934
1065,2020-12-01,361243.9883
1066,2020-12-02,361345.6055
1067,2020-12-03,360863.2262
1068,2020-12-04,359994.8496
1069,2020-12-05,376107.1816
1070,2020-12-06,384401.1793
1071,2020-12-07,363218.5313
1072,2020-12-08,362490.4798
1073,2020-12-09,362861.3045
1074,2020-12-10,361874.2093
1075,2020-12-11,362706.024
1076,2020-12-12,378343.5457
1077,2020-12-13,386789.5593
1078,2020-12-14,366521.4086
1079,2020-12-15,364575.7367
1080,2020-12-16,364213.2998
1081,2020-12-17,363502.3926
1082,2020-12-18,363625.5662
1083,2020-12-19,381183.4994
1084,2020-12-20,388017.3924
1085,2020-12-21,364691.5988
1086,2020-12-22,362440.1302
1087,2020-12-23,362699.1943
1088,2020-12-24,364057.3737
1089,2020-12-25,381704.5082
1090,2020-12-26,379445.2356
1091,2020-12-27,385803.3227
1092,2020-12-28,365321.39
1093,2020-12-29,363385.1278
1094,2020-12-30,365640.658
1095,2020-12-31,369805.0139
1096,2021-01-01,386054.3466
1097,2021-01-02,383212.3375
1098,2021-01-03,389873.3929
1099,2021-01-04,365482.1055
1100,2021-01-05,363602.1086
1101,2021-01-06,363699.2148
1102,2021-01-07,366745.8438
1103,2021-01-08,366655.7645
1104,2021-01-09,383625.1334
1105,2021-01-10,388264.2406
1106,2021-01-11,365569.5026
1107,2021-01-12,363132.4191
1108,2021-01-13,363729.6351
1109,2021-01-14,361899.658
1110,2021-01-15,362592.5471
1111,2021-01-16,378490.7068
1112,2021-01-17,386829.374
1113,2021-01-18,364585.7761
1114,2021-01-19,362136.61
1115,2021-01-20,361055.9268
1116,2021-01-21,361184.775
1117,2021-01-22,361439.7066
1118,2021-01-23,377217.7609
1119,2021-01-24,383256.7731
1120,2021-01-25,361885.1262
1121,2021-01-26,360800.2792
1122,2021-01-27,359908.7764
1123,2021-01-28,361792.9444
1124,2021-01-29,362606.597
1125,2021-01-30,378188.1453
1126,2021-01-31,385602.5125
1127,2021-02-01,363714.8471
1128,2021-02-02,361906.8645
1129,2021-02-03,361611.2549
1130,2021-02-04,362431.7961
1131,2021-02-05,361570.1446
1132,2021-02-06,378775.0073
1133,2021-02-07,385747.2131
1134,2021-02-08,361706.1435
1135,2021-02-09,360333.0347
1136,2021-02-10,364984.7759
1137,2021-02-11,380596.2796
1138,2021-02-12,381923.4208
1139,2021-02-13,375178.7039
1140,2021-02-14,383537.6688
1141,2021-02-15,362984.9033
1142,2021-02-16,360409.2035
1143,2021-02-17,359430.6089
1144,2021-02-18,358839.1259
1145,2021-02-19,358285.2272
1146,2021-02-20,372952.878
1147,2021-02-21,380653.4602
1148,2021-02-22,359514.8581
1149,2021-02-23,356695.529
1150,2021-02-24,356525.7634
1151,2021-02-25,356878.8077
1152,2021-02-26,356908.4892
1153,2021-02-27,368490.3312
1154,2021-02-28,371108.1998
1155,2021-03-01,381258.5579
1156,2021-03-02,364815.6618
1157,2021-03-03,356695.2789
1158,2021-03-04,356193.9422
1159,2021-03-05,356367.3863
1160,2021-03-06,374223.6238
1161,2021-03-07,380940.5561
1162,2021-03-08,357808.3413
1163,2021-03-09,354850.092
1164,2021-03-10,354358.3559
1165,2021-03-11,353807.4497
1166,2021-03-12,355174.2571
1167,2021-03-13,369249.7957
1168,2021-03-14,376589.3567
1169,2021-03-15,356005.1311
1170,2021-03-16,354030.7394
1171,2021-03-17,353155.1426
1172,2021-03-18,352868.0337
1173,2021-03-19,352800.372
1174,2021-03-20,371663.0869
1175,2021-03-21,378191.9086
1176,2021-03-22,356141.8463
1177,2021-03-23,352603.068
1178,2021-03-24,352438.8436
1179,2021-03-25,351243.9514
1180,2021-03-26,351767.8984
1181,2021-03-27,370868.7886
1182,2021-03-28,378587.4291
1183,2021-03-29,354998.6223
1184,2021-03-30,352251.409
1185,2021-03-31,351181.4661
1186,2021-04-01,350795.992
1187,2021-04-02,351662.3701
1188,2021-04-03,371470.6531
1189,2021-04-04,375285.8691
1190,2021-04-05,353428.3885
1191,2021-04-06,351026.9724
1192,2021-04-07,352021.3029
1193,2021-04-08,350386.0773
1194,2021-04-09,350698.3597
1195,2021-04-10,361305.4841
1196,2021-04-11,369252.7784
1197,2021-04-12,355218.5628
1198,2021-04-13,352801.9655
1199,2021-04-14,350241.174
1200,2021-04-15,351681.6866
1201,2021-04-16,353906.6591
1202,2021-04-17,365871.7649
1203,2021-04-18,371911.4289
1204,2021-04-19,354695.0406
1205,2021-04-20,352021.9563
1206,2021-04-21,351601.6612
1207,2021-04-22,352336.1158
1208,2021-04-23,352248.6218
1209,2021-04-24,363667.1824
1210,2021-04-25,369574.7409
1211,2021-04-26,353383.9128
1212,2021-04-27,351816.517
1213,2021-04-28,351599.0691
1214,2021-04-29,350796.3845
1215,2021-04-30,352038.5266
1216,2021-05-01,366135.7479
1217,2021-05-02,369576.1157
1218,2021-05-03,352371.8056
1219,2021-05-04,352582.4917
1220,2021-05-05,367753.9703
1221,2021-05-06,351059.7701
1222,2021-05-07,351263.4509
1223,2021-05-08,366065.9901
1224,2021-05-09,370195.9453
1225,2021-05-10,353750.7722
1226,2021-05-11,350364.9212
1227,2021-05-12,350190.4806
1228,2021-05-13,349924.9001
1229,2021-05-14,349189.1374
1230,2021-05-15,366209.3319
1231,2021-05-16,377000.2134
1232,2021-05-17,353675.3873
1233,2021-05-18,349080.6846
1234,2021-05-19,365469.9458
1235,2021-05-20,351262.6345
1236,2021-05-21,350990.9765
1237,2021-05-22,362272.4036
1238,2021-05-23,370640.3997
1239,2021-05-24,352151.4578
1240,2021-05-25,351039.4711
1241,2021-05-26,349756.5304
1242,2021-05-27,351464.1862
1243,2021-05-28,351781.8663
1244,2021-05-29,363399.7215
1245,2021-05-30,369693.7322
1246,2021-05-31,352394.8877
1247,2021-06-01,350670.702
1248,2021-06-02,349756.3283
1249,2021-06-03,350887.4904
1250,2021-06-04,347999.2687
1251,2021-06-05,360948.5917
1252,2021-06-06,368564.5962
1253,2021-06-07,352423.192
1254,2021-06-08,351169.0682
1255,2021-06-09,349756.9325
1256,2021-06-10,349146.5554
1257,2021-06-11,352477.0744
1258,2021-06-12,362277.1562
1259,2021-06-13,368922.2212
1260,2021-06-14,352106.2409
1261,2021-06-15,351256.3573
1262,2021-06-16,350395.0473
1263,2021-06-17,350775.4593
1264,2021-06-18,352426.7441
1265,2021-06-19,360686.6111
1266,2021-06-20,368164.511
1267,2021-06-21,352149.1892
1268,2021-06-22,350835.2431
1269,2021-06-23,350779.1732
1270,2021-06-24,349552.6783
1271,2021-06-25,348141.3132
1272,2021-06-26,361900.0558
1273,2021-06-27,367179.4691
1274,2021-06-28,352179.4586
1275,2021-06-29,354051.9537
1276,2021-06-30,350921.1261
1277,2021-07-01,349925.3842
1278,2021-07-02,349446.1132
1279,2021-07-03,364377.2176
1280,2021-07-04,376595.9492
1281,2021-07-05,352803.6151
1282,2021-07-06,350645.5603
1283,2021-07-07,351146.011
1284,2021-07-08,348905.9575
1285,2021-07-09,351920.4319
1286,2021-07-10,366369.9853
1287,2021-07-11,374024.3866
1288,2021-07-12,356126.4167
1289,2021-07-13,353345.2139
1290,2021-07-14,353815.5584
1291,2021-07-15,353509.4842
1292,2021-07-16,353451.3423
1293,2021-07-17,364709.0004
1294,2021-07-18,371539.405
1295,2021-07-19,354525.0681
1296,2021-07-20,352703.1297
1297,2021-07-21,352309.6405
1298,2021-07-22,351459.5519
1299,2021-07-23,350886.7198
1300,2021-07-24,362432.7205
1301,2021-07-25,368098.2598
1302,2021-07-26,350711.2557
1303,2021-07-27,348221.8741
1304,2021-07-28,350643.2177
1305,2021-07-29,349057.0102
1306,2021-07-30,347656.8067
1307,2021-07-31,358617.0531
1308,2021-08-01,364246.7993
1309,2021-08-02,350503.0428
1310,2021-08-03,350147.6429
1311,2021-08-04,350602.2231
1312,2021-08-05,348968.0382
1313,2021-08-06,347118.9385
1314,2021-08-07,358453.3978
1315,2021-08-08,362648.8444
1316,2021-08-09,349484.531
1317,2021-08-10,349022.1316
1318,2021-08-11,350001.5666
1319,2021-08-12,348513.7063
1320,2021-08-13,347173.434
1321,2021-08-14,356059.02
1322,2021-08-15,357712.6432
1323,2021-08-16,362019.4288
1324,2021-08-17,350074.0408
1325,2021-08-18,350965.6918
1326,2021-08-19,349036.7936
1327,2021-08-20,349989.9099
1328,2021-08-21,366933.3435
1329,2021-08-22,370007.7659
1330,2021-08-23,354387.254
1331,2021-08-24,353857.7724
1332,2021-08-25,353047.5023
1333,2021-08-26,351676.3692
1334,2021-08-27,352704.7436
1335,2021-08-28,361071.4571
1336,2021-08-29,370277.6943
1337,2021-08-30,352986.0234
1338,2021-08-31,353701.3443
1339,2021-09-01,353628.9149
1340,2021-09-02,351779.1921
1341,2021-09-03,350562.4757
1342,2021-09-04,359950.7688
1343,2021-09-05,368185.9778
1344,2021-09-06,353004.8813
1345,2021-09-07,354382.1198
1346,2021-09-08,350062.1156
1347,2021-09-09,349577.4145
1348,2021-09-10,349846.9773
1349,2021-09-11,360823.0535
1350,2021-09-12,368348.1154
1351,2021-09-13,352318.3119
1352,2021-09-14,351021.7061
1353,2021-09-15,349936.298
1354,2021-09-16,350071.1768
1355,2021-09-17,353480.3628
1356,2021-09-18,360043.9401
1357,2021-09-19,353419.0708
1358,2021-09-20,354892.8162
1359,2021-09-21,365681.0688
1360,2021-09-22,369744.0119
1361,2021-09-23,352352.5322
1362,2021-09-24,351425.0881
1363,2021-09-25,363718.5303
1364,2021-09-26,370345.6292
1365,2021-09-27,352713.2097
1366,2021-09-28,351475.108
1367,2021-09-29,352518.3928
1368,2021-09-30,350331.249
1369,2021-10-01,349968.0622
1370,2021-10-02,359841.61
1371,2021-10-03,360786.5648
1372,2021-10-04,366259.2962
1373,2021-10-05,351593.3188
1374,2021-10-06,351904.3839
1375,2021-10-07,350775.6008
1376,2021-10-08,349990.1826
1377,2021-10-09,357123.7094
1378,2021-10-10,360256.8813
1379,2021-10-11,364112.1071
1380,2021-10-12,349698.9197
1381,2021-10-13,348422.8206
1382,2021-10-14,348217.9593
1383,2021-10-15,349806.0205
1384,2021-10-16,361963.0469
1385,2021-10-17,369930.1295
1386,2021-10-18,351385.3385
1387,2021-10-19,350148.8719
1388,2021-10-20,348994.9874
1389,2021-10-21,348299.8227
1390,2021-10-22,349156.0344
1391,2021-10-23,359216.5843
1392,2021-10-24,365492.6753
1393,2021-10-25,347683.2165
1394,2021-10-26,348616.7639
1395,2021-10-27,348045.7616
1396,2021-10-28,348189.1647
1397,2021-10-29,348547.875
1398,2021-10-30,358639.5409
1399,2021-10-31,365911.8164
1400,2021-11-01,350988.6969
1401,2021-11-02,347912.9765
1402,2021-11-03,346570.7351
1403,2021-11-04,346437.3447
1404,2021-11-05,345838.2671
1405,2021-11-06,355529.2639
1406,2021-11-07,364716.3572
1407,2021-11-08,352566.1882
1408,2021-11-09,350231.7621
1409,2021-11-10,348618.4119
1410,2021-11-11,347430.74
1411,2021-11-12,346208.819
1412,2021-11-13,357223.4242
1413,2021-11-14,365927.2923
1414,2021-11-15,350294.2934
1415,2021-11-16,348334.8669
1416,2021-11-17,348346.4772
1417,2021-11-18,348891.104
1418,2021-11-19,347328.4949
1419,2021-11-20,359559.5232
1420,2021-11-21,369795.1033
1421,2021-11-22,351870.0225
1422,2021-11-23,349601.3709
1423,2021-11-24,349208.5156
1424,2021-11-25,348835.8347
1425,2021-11-26,349383.9357
1426,2021-11-27,363092.1973
1427,2021-11-28,370316.8558
1428,2021-11-29,351287.2036
1429,2021-11-30,352815.8413
1430,2021-12-01,350734.2748
1431,2021-12-02,349998.4482
1432,2021-12-03,350369.0594
1433,2021-12-04,364561.9278
1434,2021-12-05,372930.3301
1435,2021-12-06,351626.2896
1436,2021-12-07,349897.5195
1437,2021-12-08,350179.569
1438,2021-12-09,349334.8664
1439,2021-12-10,350408.8214
1440,2021-12-11,364774.9011
1441,2021-12-12,372545.9901
1442,2021-12-13,352898.4838
1443,2021-12-14,350115.9916
1444,2021-12-15,351684.4529
1445,2021-12-16,350818.2726
1446,2021-12-17,352547.0111
1447,2021-12-18,369559.1706
1448,2021-12-19,378148.2546
1449,2021-12-20,355211.0525
1450,2021-12-21,352984.4885
1451,2021-12-22,352359.6869
1452,2021-12-23,352460.9989
1453,2021-12-24,355832.5422
1454,2021-12-25,372551.4943
1455,2021-12-26,377083.5852
1456,2021-12-27,356014.6141
1457,2021-12-28,353223.4778
1458,2021-12-29,353056.9304
1459,2021-12-30,353405.5875
1460,2021-12-31,359425.1639
1461,2022-01-01,372821.0143
1462,2022-01-02,377665.5614
1463,2022-01-03,355565.3003
1464,2022-01-04,353036.1125
1465,2022-01-05,353194.0225
1466,2022-01-06,353483.834
1467,2022-01-07,353669.5543
1468,2022-01-08,368938.8495
1469,2022-01-09,375510.1055
1470,2022-01-10,353931.6547
1471,2022-01-11,351458.0193
1472,2022-01-12,351889.3233
1473,2022-01-13,351673.6595
1474,2022-01-14,352087.888
1475,2022-01-15,367818.6319
1476,2022-01-16,375364.7529
1477,2022-01-17,353313.8798
1478,2022-01-18,350734.2789
1479,2022-01-19,351902.7439
1480,2022-01-20,350578.8236
1481,2022-01-21,351117.7654
1482,2022-01-22,366796.9109
1483,2022-01-23,375031.3085
1484,2022-01-24,354311.9382
1485,2022-01-25,352549.9905
1486,2022-01-26,352962.2346
1487,2022-01-27,353846.4325
1488,2022-01-28,356758.8529
1489,2022-01-29,368351.8263
1490,2022-01-30,365663.2928
1491,2022-01-31,368017.14
1492,2022-02-01,380239.5046
1493,2022-02-02,379866.5656
1494,2022-02-03,359348.4372
1495,2022-02-04,357640.3854
1496,2022-02-05,373895.1427
1497,2022-02-06,380763.921
1498,2022-02-07,356800.2658
1499,2022-02-08,354390.189
1500,2022-02-09,355122.3691
1501,2022-02-10,354637.457
1502,2022-02-11,355206.5735
1503,2022-02-12,369348.1927
1504,2022-02-13,376329.5198
1505,2022-02-14,355643.7843
1506,2022-02-15,354395.7777
1507,2022-02-16,355056.0764
1508,2022-02-17,355233.459
1509,2022-02-18,355190.284
1510,2022-02-19,369677.2641
1511,2022-02-20,378807.7973
1512,2022-02-21,357704.1974
1513,2022-02-22,355554.0688
1514,2022-02-23,356277.3937
1515,2022-02-24,355194.6688
1516,2022-02-25,350877.3582
1517,2022-02-26,369562.2787
1518,2022-02-27,374086.4718
1519,2022-02-28,356735.6506
1520,2022-03-01,373977.4997
1521,2022-03-02,355847.6327
1522,2022-03-03,354748.2578
1523,2022-03-04,355570.7895
1524,2022-03-05,371475.6072
1525,2022-03-06,378039.1404
1526,2022-03-07,356652.1923
1527,2022-03-08,354863.1386
1528,2022-03-09,374413.1078
1529,2022-03-10,356844.7658
1530,2022-03-11,355666.4257
1531,2022-03-12,370167.6733
1532,2022-03-13,380471.8037
1533,2022-03-14,358081.9767
1534,2022-03-15,355123.6878
1535,2022-03-16,354310.7396
1536,2022-03-17,354967.8416
1537,2022-03-18,356386.1499
1538,2022-03-19,372910.4702
1539,2022-03-20,378697.3991
1540,2022-03-21,355843.2442
1541,2022-03-22,353037.2771
1542,2022-03-23,353133.2896
1543,2022-03-24,352457.6285
1544,2022-03-25,353791.4851
1545,2022-03-26,370079.3371
1546,2022-03-27,373583.798
1547,2022-03-28,353004.1688
1548,2022-03-29,350783.75
1549,2022-03-30,352079.0067
1550,2022-03-31,352098.1272
1551,2022-04-01,351803.499
1552,2022-04-02,362938.6931
1553,2022-04-03,371058.2521
1554,2022-04-04,352494.1275
1555,2022-04-05,349191.1109
1556,2022-04-06,349081.1956
1557,2022-04-07,349140.7236
1558,2022-04-08,349352.6248
1559,2022-04-09,360092.9125
1560,2022-04-10,368178.8542
1561,2022-04-11,350581.8079
1562,2022-04-12,349559.5228
1563,2022-04-13,351655.8147
1564,2022-04-14,349698.3342
1565,2022-04-15,348569.4964
1566,2022-04-16,359471.1953
1567,2022-04-17,367553.864
1568,2022-04-18,348276.1829
1569,2022-04-19,347684.7711
1570,2022-04-20,348298.5718
1571,2022-04-21,347885.0991
1572,2022-04-22,349253.6599
1573,2022-04-23,359167.8144
1574,2022-04-24,367012.5989
1575,2022-04-25,351149.9873
1576,2022-04-26,349736.0229
1577,2022-04-27,348558.556
1578,2022-04-28,347175.7214
1579,2022-04-29,349448.3941
1580,2022-04-30,360607.3312
1581,2022-05-01,370803.5814
1582,2022-05-02,352445.5693
1583,2022-05-03,349713.0833
1584,2022-05-04,348449.6523
1585,2022-05-05,361332.1787
1586,2022-05-06,349324.7793
1587,2022-05-07,358716.4913
1588,2022-05-08,375160.3152
1589,2022-05-09,352905.2747
1590,2022-05-10,350908.3126
1591,2022-05-11,350877.2358
1592,2022-05-12,350474.7221
1593,2022-05-13,351031.4288
1594,2022-05-14,363646.0589
1595,2022-05-15,374487.8586
1596,2022-05-16,354646.0245
1597,2022-05-17,351830.3968
1598,2022-05-18,351620.4877
1599,2022-05-19,353672.3609
1600,2022-05-20,355043.9968
1601,2022-05-21,368107.1445
1602,2022-05-22,377291.4516
1603,2022-05-23,357323.0847
1604,2022-05-24,353404.364
1605,2022-05-25,354192.2825
1606,2022-05-26,352785.5282
1607,2022-05-27,353282.6377
1608,2022-05-28,366043.3461
1609,2022-05-29,376121.8571
1610,2022-05-30,357643.8578
1611,2022-05-31,353546.5827
1612,2022-06-01,373146.7117
1613,2022-06-02,352794.2416
1614,2022-06-03,352819.3969
1615,2022-06-04,367498.8285
1616,2022-06-05,384665.6136
1617,2022-06-06,396737.5912
1618,2022-06-07,369865.0925
1619,2022-06-08,354376.287
1620,2022-06-09,354288.5024
1621,2022-06-10,353270.5322
1622,2022-06-11,366928.4728
1623,2022-06-12,375268.2724
1624,2022-06-13,357142.4269
1625,2022-06-14,354232.6145
1626,2022-06-15,356316.0843
1627,2022-06-16,354427.2465
1628,2022-06-17,353986.9297
1629,2022-06-18,366295.2333
1630,2022-06-19,376453.5092
1631,2022-06-20,357076.6266
1632,2022-06-21,353356.7725
1633,2022-06-22,350288.6345
1634,2022-06-23,350540.3677
1635,2022-06-24,349820.4585
1636,2022-06-25,362024.7605
1637,2022-06-26,370618.66
1638,2022-06-27,352695.0403
1639,2022-06-28,351146.6912
1640,2022-06-29,352298.0683
1641,2022-06-30,353770.9902
1642,2022-07-01,350917.2029
1643,2022-07-02,362687.3348
1644,2022-07-03,371960.3357
1645,2022-07-04,351603.8654
1646,2022-07-05,350388.7939
1647,2022-07-06,349956.6171
1648,2022-07-07,348951.9509
1649,2022-07-08,349716.5833
1650,2022-07-09,361433.6537
1651,2022-07-10,369067.396
1652,2022-07-11,350985.9169
1653,2022-07-12,348816.7878
1654,2022-07-13,349989.9134
1655,2022-07-14,345735.8815
1656,2022-07-15,344479.9978
1657,2022-07-16,359616.0944
1658,2022-07-17,367103.0418
1659,2022-07-18,347917.8051
1660,2022-07-19,345056.6226
1661,2022-07-20,345351.4967
1662,2022-07-21,345551.369
1663,2022-07-22,343687.7543
1664,2022-07-23,357002.7736
1665,2022-07-24,364667.6729
1666,2022-07-25,344757.9512
1667,2022-07-26,342491.7053
1668,2022-07-27,342547.1867
1669,2022-07-28,341479.4182
1670,2022-07-29,340041.1789
1671,2022-07-30,349920.3098
1672,2022-07-31,358575.6792
1673,2022-08-01,342679.0198
1674,2022-08-02,342248.8673
1675,2022-08-03,345871.8717
1676,2022-08-04,341506.7964
1677,2022-08-05,340454.7657
1678,2022-08-06,352242.4321
1679,2022-08-07,362039.295
1680,2022-08-08,345924.9429
1681,2022-08-09,348830.8681
1682,2022-08-10,346976.4336
1683,2022-08-11,345902.5308
1684,2022-08-12,341876.6137
1685,2022-08-13,351291.259
1686,2022-08-14,351702.5586
1687,2022-08-15,361059.7603
1688,2022-08-16,344932.8945
1689,2022-08-17,343998.0
1690,2022-08-18,343631.2618
1691,2022-08-19,344510.2331
1692,2022-08-20,356765.7476
1693,2022-08-21,364088.0556
1694,2022-08-22,345929.8172
1695,2022-08-23,343957.3598
1696,2022-08-24,344049.6404
1697,2022-08-25,343603.3919
1698,2022-08-26,343557.9648
1699,2022-08-27,353393.6825
1700,2022-08-28,361415.993
1701,2022-08-29,347293.96
1702,2022-08-30,346611.1093
1703,2022-08-31,344032.1095
1704,2022-09-01,342879.32
1705,2022-09-02,342558.6276
1706,2022-09-03,358032.1023
1707,2022-09-04,373694.3102
1708,2022-09-05,352922.7198
1709,2022-09-06,352095.5179
1710,2022-09-07,344516.0556
1711,2022-09-08,348200.4509
1712,2022-09-09,356802.2596
1713,2022-09-10,354023.0429
1714,2022-09-11,350920.47
1715,2022-09-12,365304.0376
1716,2022-09-13,347553.2355
1717,2022-09-14,344780.3066
1718,2022-09-15,344420.234
1719,2022-09-16,344783.222
1720,2022-09-17,358634.441
1721,2022-09-18,367544.5352
1722,2022-09-19,347365.2114
1723,2022-09-20,343126.6885
1724,2022-09-21,342459.2884
1725,2022-09-22,342186.8009
1726,2022-09-23,343685.8612
1727,2022-09-24,353561.6614
1728,2022-09-25,362603.0216
1729,2022-09-26,345959.9422
1730,2022-09-27,342669.1169
1731,2022-09-28,341943.4168
1732,2022-09-29,341278.5568
1733,2022-09-30,341545.2225
1734,2022-10-01,351085.9809
1735,2022-10-02,354968.4487
1736,2022-10-03,367720.8312
1737,2022-10-04,347249.2075
1738,2022-10-05,343951.3297
1739,2022-10-06,342700.5624
1740,2022-10-07,343428.8884
1741,2022-10-08,349136.5135
1742,2022-10-09,358080.0971
1743,2022-10-10,364718.0874
1744,2022-10-11,343974.1968
1745,2022-10-12,341756.8296
1746,2022-10-13,342369.0775
1747,2022-10-14,342516.291
1748,2022-10-15,353909.9771
1749,2022-10-16,363966.2376
1750,2022-10-17,354987.8165
1751,2022-10-18,343130.0874
1752,2022-10-19,342065.2861
1753,2022-10-20,341775.877
1754,2022-10-21,343204.8143
1755,2022-10-22,353452.2942
1756,2022-10-23,362906.6534
1757,2022-10-24,346356.7634
1758,2022-10-25,342906.4154
1759,2022-10-26,343236.5224
1760,2022-10-27,342383.4204
1761,2022-10-28,343500.617
1762,2022-10-29,353687.4849
1763,2022-10-30,363961.9234
1764,2022-10-31,347209.6505
1765,2022-11-01,344421.6624
1766,2022-11-02,343056.3265
1767,2022-11-03,342981.4538
1768,2022-11-04,343552.397
1769,2022-11-05,355479.9683
1770,2022-11-06,365002.2538
1771,2022-11-07,346940.2205
1772,2022-11-08,341154.266
1773,2022-11-09,343010.5497
1774,2022-11-10,343526.2716
1775,2022-11-11,343408.8285
1776,2022-11-12,356002.355
1777,2022-11-13,364958.9131
1778,2022-11-14,347065.3825
1779,2022-11-15,344328.7315
1780,2022-11-16,344372.2656
1781,2022-11-17,343525.7776
1782,2022-11-18,342942.6934
1783,2022-11-19,354768.7963
1784,2022-11-20,365047.5223
1785,2022-11-21,347520.0167
1786,2022-11-22,345088.0446
1787,2022-11-23,344621.5016
1788,2022-11-24,344762.6235
1789,2022-11-25,344876.1406
1790,2022-11-26,359550.0879
1791,2022-11-27,368368.0108
1792,2022-11-28,349908.8009
1793,2022-11-29,346103.277
1794,2022-11-30,345992.9246
